time_s,a_M_mps2,omega_delta_radps
0,0,0
0.1287343502,0,0
0.5086421967,0.3050735135,0.4188688455
0.9880564213,0.2732289904,0.4188715303
1.107756138,0.1597692122,0.4188586469
1.395581484,0.07036843256,0.3451172945
1.693736792,0.02432006148,0.1578353874
1.982156992,0.008717861564,-0.01845014877
2.492723465,0.01115762208,-0.1393203212
2.822470903,0.02009041379,-0.2024639456
2.885886669,0.02814391692,-0.2235321881
3.1891222,0.03535032058,-0.2179994932
3.475987434,0.0402844134,-0.2000947216
3.782160521,0.04405156934,-0.1788691226
4.180501461,0.04740711829,-0.1596974255
4.379590273,0.05197814513,-0.1448068068
4.697860956,0.05349648574,-0.1360987739
4.985087395,0.05662394046,-0.1319748137
5.284185648,0.05847223045,-0.1317260481
5.585336924,0.05893256541,-0.133735118
5.882944822,0.06006196087,-0.1363377439
6.180166245,0.0602855542,-0.1377425048
6.48304534,0.0596526763,-0.1366170006
6.785656929,0.05949186076,-0.1331982909
7.07865572,0.05913065041,-0.1269709771
7.384230375,0.04718228583,-0.1120601757
7.708458185,0.02144179103,-0.09179005938
8.006471395,-0.01098491575,-0.06895491767
8.288161993,-0.0329881136,-0.05108257821
8.574514866,-0.04021883639,-0.04581417345
8.87860465,-0.03946852273,-0.05053634023
9.174934387,-0.0357140058,-0.06002591856
9.47667098,-0.03210856216,-0.06866636331
9.779073954,-0.02943551676,-0.07182345775
10.07438397,-0.02688412803,-0.06618986512
10.37348652,-0.02461903127,-0.04966297633
10.67296147,-0.02223104521,-0.02193153889
10.99636078,-0.01962878168,0.01531451235
11.27622795,-0.0169071912,0.05830173844
11.57675314,-0.01410880969,0.1015723613
11.87765288,-0.01107694498,0.1390433022
12.18109894,-0.006881321608,0.1655254376
12.47339249,-0.002745630452,0.1782261981
12.7777915,0.001442487771,0.1774361721
13.07705402,0.004010761705,0.1657674413
13.38110304,0.005977618055,0.1469462409
13.67357945,0.007125852268,0.124768205
13.97729874,0.007992021223,0.1024780837
14.27573848,0.008467815445,0.08247541766
14.57124472,0.008236869603,0.06625689986
14.87872314,0.008534414706,0.05446316098
15.17318463,0.007544715509,0.04699257918
15.47532415,0.0009154231456,0.04277682514
15.78145623,-0.0125206859,0.04054795823
16.09937048,-0.02931004079,0.03907308351
16.38893509,-0.04748769845,0.03722738864
16.69525743,-0.05723565871,0.03401770214
16.98434854,-0.05738513816,0.02696035658
17.28452229,-0.05229894165,0.01424784799
17.79225826,-0.0499192146,-0.004520697762
18.09330606,-0.04975323012,-0.02879444901
18.19854283,-0.04772667167,-0.05776538475
18.5372169,-0.04851335096,-0.09062835945
18.82254004,-0.04818335027,-0.1211316707
19.28589249,-0.0446011456,-0.1429855307
19.60471225,-0.03774153903,-0.1530845303
19.89835739,-0.03026154011,-0.1481343024
20.19182467,-0.02314568289,-0.1298178562
20.29136992,-0.01750946874,-0.1000545081
20.59223366,-0.01251142228,-0.06573159099
20.88604975,-0.006665968025,-0.02838552723
21.18269396,0.0008126784673,0.007533825601
21.47745037,0.009604870233,0.03786097609
21.78217006,0.01884048675,0.06298581181
22.07536292,0.02855418803,0.08114225769
22.3817687,0.0378132133,0.0916310315
22.68554854,0.04395057534,0.09757204001
22.99924517,0.04771655045,0.1013084745
23.28187704,0.04967487691,0.102644768
23.58835745,0.04986516094,0.1018364095
23.88923025,0.04806284648,0.09968682631
24.18421102,0.04466837689,0.09612285112
24.47980237,0.04120814391,0.08932393799
24.7988286,0.0361273771,0.08079384061
25.07762361,0.03089314369,0.07042124122
25.38167214,0.02602136042,0.05848087023
25.67855334,0.02138836406,0.04596989502
25.9888463,0.0182492279,0.0329896701
26.28225207,0.01634419501,0.02063541489
26.58244038,0.01444199771,0.01070500002
26.88094139,0.01371976294,0.002406829333
27.18167281,0.01340229356,-0.004033570685
27.48192596,0.01435638391,-0.009113258091
27.991328,0.01601761464,-0.01248481507
28.10566759,0.01818729496,-0.01407461342
28.58716154,0.01980053216,-0.01322405221
28.68496776,0.02328812633,-0.01150296477
28.98362684,0.02706145224,-0.008438148565
29.29115367,0.03228212,-0.004488279336
29.7960763,0.04120270518,7.812984294e-06
30.09369445,0.05398467494,0.0075528835
30.24441314,0.08637449148,0.0218233956
30.49874473,0.1646772585,0.05665363723
30.79998684,0.1356483149,0.04697072615
31.08167291,0.06305697256,0.02216738758
31.38106966,-0.005221855655,0.009262187099
31.89101291,-0.04082980457,0.01444869832
31.97586441,-0.05348827663,0.0305659021
32.27349448,-0.05309936579,0.05134444237
32.58979034,-0.04972683904,0.06774490663
32.8796649,-0.04731274734,0.07577737512
33.39167213,-0.04683820555,0.07002688639
33.5055933,-0.04610622075,0.04855237145
33.79615402,-0.04627672434,0.0126936956
34.1009233,-0.04664202476,-0.03577771287
34.38870144,-0.04693514907,-0.09245982309
34.69226146,-0.04651964553,-0.1500975898
35.00101757,-0.04387043629,-0.1998381261
35.2744689,-0.03757725653,-0.2333949693
35.57898307,-0.02875492903,-0.2455601093
35.87378955,-0.02003925405,-0.235533995
36.18341923,-0.01340348718,-0.2063982389
36.48260379,-0.008926752371,-0.1637847546
36.77323198,-0.007286224269,-0.1141037163
37.08689451,-0.008585156891,-0.06312324162
37.3736062,-0.01607117924,-0.01562081364
37.68933249,-0.02735216168,0.02481470056
37.97926283,-0.03747076023,0.05626053521
38.27920485,-0.04409369955,0.07973098489
38.58402252,-0.04431105129,0.09789227206
38.88155293,-0.04127239954,0.1140470996
39.17281342,-0.03900358601,0.1306275852
39.47760081,-0.03760209967,0.1488354378
39.78161621,-0.03622047424,0.1685306026
40.07819295,-0.03412799317,0.188246253
40.38950109,-0.03095885911,0.2057357596
40.69342923,-0.0267763402,0.2210115728
41.01780272,-0.02102162263,0.2290582632
41.31706619,-0.01394105469,0.2250353825
41.59085584,-0.007461678107,0.2051853448
41.90469527,-0.002733728568,0.1697023944
42.20968747,0.0004834393491,0.1213557453
42.53443599,0.002844800272,0.06675074545
42.82356691,0.007333431497,0.0179156162
43.10438251,0.01303865133,-0.02265493451
43.39620781,0.0197852715,-0.05262133081
43.70576239,0.025550794,-0.07291368048
44.02129602,0.03119671075,-0.08429928055
44.29562736,0.03629334012,-0.08935291822
44.60819483,0.04158735266,-0.08976135252
44.91900659,0.04579134343,-0.08814549492
45.3325491,0.05102435698,-0.08480773744
45.50624728,0.05756810303,-0.08347815637
45.78562808,0.06683855004,-0.08288086469
46.09504247,0.08108202456,-0.08655362232
46.40862393,0.1043733592,-0.09864182455
46.75741577,0.167312112,-0.1288352905
47.01588941,0.1407113331,-0.1338527218
47.27843094,0.067755602,-0.1233975105
47.58015323,9.857045113e-05,-0.111105273
47.87949586,-0.03538404972,-0.10464732
48.17489552,-0.04622310092,-0.1045220237
48.48371696,-0.04612303607,-0.1084946177
48.77357411,-0.043174446,-0.1135343586
49.08055019,-0.04066826693,-0.1159226559
49.37631249,-0.03914512944,-0.1119483443
49.6771791,-0.03802226294,-0.09844625378
49.9792583,-0.03661697278,-0.07340453831
50.27382731,-0.03481219313,-0.0366813136
50.5789485,-0.0327743759,0.009376918022
50.88211799,-0.03067169542,0.05986718602
51.17853737,-0.02811551174,0.1079844132
51.48190165,-0.02420236042,0.1465307253
51.77296615,-0.01822703058,0.1699001853
52.07767844,-0.011430796,0.1756596088
52.37572241,-0.005862125205,0.164870897
52.66837835,0.05592820603,0.1446535553
52.96874976,0.04201120913,0.1110240253
53.27241492,-0.0009060061618,0.0721390121
53.57129383,-0.0392259235,0.03515694536
53.87094569,-0.06285467286,0.004305269823
54.16667986,-0.07314905687,-0.018795662
54.4748807,-0.1492764773,-0.03311916518
54.77414894,-0.1336751762,-0.04128684059
55.07182074,-0.1041848375,-0.04480308152
55.3748095,-0.08431396765,-0.04505058444
55.67970037,-0.08037713783,-0.04315150167
55.97006536,-0.09830270931,-0.03996284812
56.27669072,-0.1460449727,-0.03608214144
56.57873607,-0.2178314875,-0.03181909797
56.86581063,-0.2818058954,-0.02732926107
57.18196154,-0.3020553161,-0.02286055541
57.4819808,-0.3001635897,-0.01876087133
57.78339553,-0.2573753451,-0.01548661512
58.0753324,-0.1012330503,-0.01301527783
58.38013387,-4.36796659e-06,-0.01103570613
58.67990661,-7.68736857e-07,-0.009338367231
58.97073579,-5.861529745e-07,-0.007824446948
59.28348804,-3.740448939e-07,-0.006451500356
59.58226967,-2.564797382e-07,-0.00520582418
59.89984775,-1.847575555e-07,-0.004084540147
60.18510413,-1.394289201e-07,-0.003086022912
60.48679066,-1.089721621e-07,-0.00220775428
60.78514886,-8.910677832e-08,-0.001444863803
61.08841205,-7.313165312e-08,-0.0007931049701
61.39481425,-6.086828609e-08,-0.0002463639167
61.69140983,-5.14507319e-08,0.0002030052755
61.99841189,-4.406183853e-08,0.0005635166383
62.28373957,-3.815800723e-08,0.0008440939082
62.58026171,-3.336631205e-08,0.001053739704
62.87543488,-2.942992168e-08,0.001201269548
63.18663692,-2.638680735e-08,0.00129406923
63.48186183,-2.363300969e-08,0.001340523688
63.78963661,-2.123530324e-08,0.001348714827
64.08157015,-1.918478902e-08,0.001325842851
64.38430238,-1.741758528e-08,0.001278313813
64.69012427,-1.588380624e-08,0.001211789394
64.98493052,-1.454407785e-08,0.001131225749
65.30710292,-1.336699124e-08,0.001040912608
65.60769272,-1.232724635e-08,0.0009445157447
65.8943603,-1.140428224e-08,0.0008451232545
66.20028663,-1.058139373e-08,0.0007452923998
66.49113297,-9.85292129e-09,0.0006469732601
66.81885147,-9.215758868e-09,0.0005515309222
67.0899663,-8.617970028e-09,0.0004606119964
67.38300967,-8.072284701e-09,0.0003753987521
67.6841321,-7.576819474e-09,0.0002966231742
67.99254489,-7.125609104e-09,0.0002246993233
