time_s,X_M_m,Y_M_m,psi_M_rad,v_M_mps,delta_R_rad
0,0.2862084649,0.08991504108,0.3043957974,0.5,0
0.1290454865,0.4293126974,0.1348725616,0.3043957974,0.5,0
0.42938447,0.5724169298,0.1798300822,0.3043957974,0.5,0
0.7283446789,0.7285595941,0.229088401,0.3079302462,0.591522054,0.1256606536
1.029431581,0.9090718715,0.2875744981,0.3201012671,0.6734907512,0.2513221127
1.328824282,1.10696912,0.3555066793,0.3428509981,0.7214215148,0.3769797068
1.628599167,1.312565031,0.4326225207,0.3763683454,0.7425320446,0.4805148951
1.928834438,1.519030847,0.5190828681,0.417553056,0.749828063,0.5278655114
2.228650093,1.722953738,0.6149258802,0.4610701641,0.7524434215,0.5223304667
2.530315399,1.923390695,0.7198070364,0.5024144495,0.7557907081,0.4805343704
2.828959942,2.120791964,0.8331536948,0.5390944494,0.7618178323,0.4197951867
3.129271746,2.316080012,0.9542807349,0.570257077,0.7702610073,0.3527355303
3.429184198,2.510235829,1.08248141,0.5959652552,0.7808661035,0.2873356823
3.729148388,2.704168599,1.217085865,0.6166733789,0.7929514275,0.2273072659
4.029027939,2.898666683,1.357463048,0.6329188534,0.8061668983,0.1736465291
4.329128027,3.094453456,1.503046965,0.6451813127,0.8203890338,0.1257373015
4.629296064,3.292273702,1.653369964,0.6538226632,0.8359824774,0.08229525941
4.928943872,3.492808745,1.807955981,0.6590473393,0.8520314231,0.04146562725
5.229162693,3.696709766,1.966289936,0.6609069734,0.8690186052,0.00187318315
5.528795004,3.904677871,2.127831041,0.6593308322,0.8865602744,-0.03764463127
5.828817844,4.117371668,2.291897807,0.6541515641,0.904240044,-0.07776516666
6.130559206,4.335483956,2.457694968,0.6451455882,0.9222586322,-0.1186664898
6.42931509,4.559757221,2.624306466,0.6320770976,0.9403442985,-0.1599892413
6.729319096,4.790915187,2.790643341,0.6147467946,0.9582401014,-0.2009743414
7.029072762,5.029687689,2.955479303,0.5930129398,0.9760876596,-0.2409338287
7.328669548,5.276805186,3.117468789,0.5668036965,0.9938268547,-0.2790251219
7.629070997,5.53249246,3.274884902,0.5362909017,1.00798154,-0.3126431746
7.928828239,5.795826213,3.425461211,0.5020557299,1.014414078,-0.3401801924
8.228832006,6.064779977,3.566762056,0.4650259333,1.011118603,-0.3608666677
8.529624462,6.337119852,3.696891316,0.4261710395,1.001222169,-0.3761914411
8.828659058,6.611358199,3.814863973,0.3860688283,0.9891565181,-0.3899356932
9.128727198,6.886817467,3.920304239,0.3447866723,0.9773159613,-0.4050965952
9.42879796,7.163249642,4.013017149,0.3020681617,0.9666017595,-0.4231043708
9.728510141,7.440524265,4.092753315,0.2575618423,0.9569691909,-0.4437042798
10.02911401,7.718443884,4.159147892,0.2110207721,0.9481385358,-0.4652513171
10.32849216,7.996714171,4.211779741,0.1624462408,0.9400732974,-0.4851082767
10.62884712,8.27494887,4.25027123,0.112192742,0.9326875881,-0.5000071696
10.92954707,8.552677842,4.274403738,0.06102363471,0.9260182745,-0.5065866312
11.22874618,8.829395569,4.284232946,0.01008013509,0.92012964,-0.5019922775
11.52877665,9.10461575,4.280171243,-0.03924916726,0.9150574826,-0.484501756
11.83077693,9.377935683,4.263014719,-0.0855450395,0.9108248397,-0.4540300476
12.1290431,9.649106067,4.233900281,-0.1275997104,0.9075017562,-0.412317057
12.42914391,9.918116938,4.194194837,-0.1646045768,0.9054373597,-0.3626594257
12.72910619,10.18518489,4.145358878,-0.1962132293,0.9046136706,-0.3091915662
13.02890682,10.45067475,4.088830695,-0.2224910891,0.9050464169,-0.2559607146
13.32964373,10.71498823,4.025954469,-0.2438050365,0.9062496455,-0.2062304822
13.62886357,10.97849263,3.957940181,-0.2607073317,0.9080429309,-0.16214661
13.92913747,11.24151994,3.88583511,-0.273837893,0.9101806866,-0.1247161485
14.2291131,11.50435432,3.810518539,-0.2838434036,0.9125782929,-0.09397272337
14.52893186,11.76723479,3.732709682,-0.2913169886,0.9151186376,-0.06923009807
14.82897472,12.03033008,3.652996926,-0.2967563404,0.9175896984,-0.04935302811
15.12849593,12.29377851,3.571856329,-0.3005424492,0.9201500228,-0.03301407982
15.42881298,12.55766735,3.489691603,-0.3029348863,0.9224134375,-0.01891630606
15.73015738,12.82177426,3.406947884,-0.3040881011,0.9226880644,-0.00608325852
16.02849555,13.08533558,3.324209649,-0.30408858,0.9189318587,0.006081128949
16.32937527,13.34714604,3.242179051,-0.3029972281,0.9101388464,0.017803054
16.62947607,13.60578843,3.161597121,-0.3008862502,0.8958925369,0.02897127059
16.92881298,13.86013462,3.08307181,-0.2978631113,0.8787218393,0.03917658123
17.22943616,14.10981344,3.006918868,-0.2941012216,0.8615062978,0.04726468821
17.52965879,14.35506946,2.933191034,-0.2898810944,0.8458166153,0.0515390426
17.82887983,14.59622837,2.861819875,-0.2856134251,0.830840851,0.05018283328
18.13061666,14.83337005,2.79268703,-0.281833362,0.8159148819,0.04154449857
18.42926693,15.06652189,2.725545934,-0.2791711024,0.8015968804,0.02421488315
18.728688,15.29563161,2.660019612,-0.2783241029,0.7870428751,-0.002973624687
19.02886057,15.52053563,2.595612761,-0.2799689433,0.7725878701,-0.0393131259
19.32865548,15.74122763,2.531668458,-0.2846242622,0.7592075264,-0.08220878512
19.62930226,15.95796042,2.467391699,-0.2925758008,0.7478850647,-0.1281341442
19.92892957,16.17113924,2.401932326,-0.30383577,0.7388066026,-0.1725744349
20.22943377,16.38117299,2.334482049,-0.3181334137,0.7318628978,-0.2115197917
20.52864861,16.58839483,2.264348584,-0.3349410889,0.7266100571,-0.2415361442
20.82902884,16.79306508,2.190998849,-0.3535543535,0.7228566305,-0.2612556215
21.12951112,16.99548291,2.114041342,-0.37318406,0.72085684,-0.2697712796
21.4290812,17.19609234,2.033188072,-0.3930323071,0.7211006436,-0.267511132
21.72896624,17.39550459,1.94822203,-0.4123952001,0.7239821047,-0.2561528391
22.02878809,17.59444534,1.858982123,-0.4306984059,0.7296342507,-0.2372570956
22.32934856,17.79371654,1.765350005,-0.4475016353,0.7382005071,-0.2129144183
22.62947249,17.99415395,1.667242566,-0.4625146706,0.7495444711,-0.1854251088
22.92923212,18.19647653,1.564667044,-0.4755533749,0.7627296437,-0.1561534968
23.22928667,18.40121175,1.457763768,-0.4864750986,0.7770446088,-0.1257609545
23.52969503,18.6087535,1.346790328,-0.4951652758,0.7919470719,-0.09496752409
23.82886982,18.81938734,1.232113899,-0.5015462608,0.8069066202,-0.06441660123
24.1297133,19.03328125,1.114215836,-0.505573156,0.8213254741,-0.03451055334
24.4300704,19.25048843,0.9936860942,-0.5072339532,0.8347259872,-0.005673698001
24.72920775,19.47101432,0.8711725582,-0.5065815487,0.8470884304,0.0211234834
25.02919579,19.69480059,0.7473627193,-0.5037442204,0.8579266435,0.04536163558
25.32896256,19.92170681,0.6229665356,-0.4989135132,0.8671945866,0.06648800794
25.63013005,20.15157401,0.4986530578,-0.4923438961,0.8750009947,0.08403226901
25.92901373,20.38422821,0.3750234272,-0.4843355849,0.8814175039,0.09782323752
26.22923732,20.61951808,0.2525739327,-0.4752163176,0.8868922723,0.1077201385
26.5301733,20.85735232,0.131668077,-0.4653201845,0.8917955308,0.113910763
26.82901239,21.09764345,0.01256886621,-0.4549471426,0.8961281301,0.117122263
27.12858009,21.3403138,-0.1045501673,-0.4443461137,0.900244059,0.1178443118
27.4295547,21.58531995,-0.2196021732,-0.4337194554,0.9042647471,0.1166342406
27.72988033,21.83266501,-0.3325765099,-0.4232249947,0.9085716623,0.1139002632
28.03005648,22.08241846,-0.4435325191,-0.4129768046,0.9133769466,0.1101548187
28.33028841,22.33469234,-0.5525720859,-0.4030403579,0.9188331351,0.1059324346
28.62894797,22.58959575,-0.6598034725,-0.3934238451,0.9247732948,0.101965219
28.92941928,22.84729782,-0.7653504529,-0.384087825,0.9317597327,0.09851432955
29.22917986,23.1080672,-0.869354882,-0.3749584857,0.9398781684,0.09598288498
29.52977538,23.37225861,-0.9719563556,-0.3659271332,0.9495628044,0.09463640118
29.82903337,23.64046003,-1.073334325,-0.3568551111,0.9619236159,0.09463874507
30.12944937,23.9136009,-1.173724441,-0.3475362335,0.9781190184,0.09690461012
30.42904663,24.1936423,-1.273608301,-0.3375730181,1.004031366,0.1034516288
30.7296288,24.48541414,-1.374178452,-0.3260006644,1.053434543,0.12044772
31.02951765,24.79126976,-1.475279191,-0.3122309138,1.094129038,0.1345389378
31.32863951,25.10709885,-1.574583485,-0.2969181528,1.11304613,0.1411891541
31.62921262,25.42694013,-1.669666433,-0.2809513631,1.111479573,0.1439678102
31.92894268,25.74627525,-1.75902831,-0.2646826929,1.099230632,0.1483024197
32.22882771,26.06293521,-1.84203414,-0.2478694378,1.083184149,0.1574721903
32.53002071,26.37632405,-1.918410351,-0.229948072,1.067254339,0.1728755231
32.8293879,26.68657191,-1.987893935,-0.2103322105,1.052336287,0.193198995
33.12958407,26.99390599,-2.050096696,-0.1886487023,1.038142463,0.2159322076
33.42926335,27.29840298,-2.104550649,-0.1648947482,1.024091001,0.2369402735
33.73001981,27.60001277,-2.150860566,-0.1395483176,1.010259135,0.2515059849
34.02898264,27.89859112,-2.188861007,-0.1135650878,0.9963761177,0.2553140936
34.32885313,28.19388935,-2.218740611,-0.08830602164,0.9823835103,0.2445807798
34.62910438,28.48562767,-2.241134652,-0.0653907785,0.9683029656,0.2168428328
34.93005848,28.77357595,-2.257147113,-0.04646199686,0.9543470719,0.1718135559
35.22904181,29.05768516,-2.268291709,-0.03291735206,0.941185941,0.111862118
35.53122354,29.33823319,-2.276362812,-0.02570361483,0.9299127641,0.04184362723
35.82875824,29.61582687,-2.283276467,-0.02523441338,0.9212862854,-0.03182440555
36.1287744,29.8912042,-2.290928008,-0.03140939264,0.9152745092,-0.1024846041
36.42932272,30.16499349,-2.301079387,-0.04367111944,0.911253463,-0.1644040757
36.72918987,30.43759554,-2.315264014,-0.06107607357,0.9085754373,-0.2135395021
37.02884483,30.70914034,-2.33470145,-0.08238842634,0.90638957,-0.247770617
37.33018303,30.97946215,-2.360225263,-0.1061990325,0.9038140229,-0.2667075895
37.62915587,31.24797697,-2.392218165,-0.1310538507,0.8989926692,-0.2713938336
37.92973781,31.51368223,-2.430579621,-0.1555971452,0.8907870207,-0.2639494234
38.22893548,31.77551903,-2.474796202,-0.1787217257,0.8795457926,-0.2470712628
38.52934313,32.03271259,-2.524089709,-0.1996359251,0.8663176827,-0.2231519674
38.82931638,32.28500081,-2.57758641,-0.2178262998,0.8530243673,-0.1937842858
39.12866545,32.53260873,-2.634423958,-0.2329507277,0.8406426475,-0.1595701559
39.42853999,32.77591963,-2.693737383,-0.2447181677,0.8289415717,-0.1203818803
39.72894025,33.01528712,-2.754623371,-0.2528227489,0.8176609418,-0.07573124899
40.02997541,33.25106237,-2.816139252,-0.2569295207,0.8067947995,-0.0251720682
40.32941461,33.48365475,-2.877313633,-0.2566885712,0.7965564016,0.03130180769
40.62918186,33.71356778,-2.937156467,-0.2517627454,0.7872687438,0.09302253556
40.92886066,33.94139751,-2.994660482,-0.2418281473,0.7792358418,0.1593260074
41.22990203,34.16783819,-3.048798527,-0.2266033101,0.772929355,0.2280434864
41.52881145,34.39367526,-3.098527152,-0.20594292,0.7687470386,0.2955541011
41.82948065,34.61966431,-3.142783954,-0.1799561054,0.7665085351,0.3571097046
42.1294415,34.84636652,-3.180513608,-0.1491217289,0.7656884166,0.4080204229
42.42874527,35.07408438,-3.21075157,-0.114347022,0.7658334484,0.4444271465
42.72910905,35.30289529,-3.232735965,-0.07691022143,0.7666868885,0.4644523701
43.02851558,35.53283512,-3.245993021,-0.03818489923,0.7688869179,0.469827055
43.33029342,35.76403288,-3.250322698,0.000625504019,0.7727985133,0.4630305746
43.62852097,35.99670348,-3.24573028,0.03859206147,0.7787340947,0.4472441754
43.92911506,36.23107906,-3.232353935,0.07508141708,0.7863993329,0.4253700712
44.22879648,36.46737413,-3.21041032,0.109720634,0.7957583462,0.4000802871
44.52869606,36.70581153,-3.180148927,0.1423431233,0.8066463482,0.3732744116
44.83070087,36.94663599,-3.141818196,0.172921627,0.819122554,0.3463460059
45.12885261,37.19008592,-3.09565018,0.201500997,0.832859957,0.3199023574
45.42869925,37.43642572,-3.041848543,0.2281619707,0.8481672641,0.2944600362
45.72869468,37.68604603,-2.980560284,0.2529771037,0.865437695,0.2694165892
46.02904034,37.9395339,-2.911857132,0.2759806871,0.8854892601,0.2445523298
46.32872081,38.19782743,-2.835687631,0.2971429465,0.9098138674,0.2185862431
46.62897325,38.4624881,-2.751801498,0.3162619985,0.9411258752,0.1889936958
46.92900467,38.73719118,-2.659286321,0.3328003664,0.9913195088,0.1503431086
47.22916341,39.02355316,-2.558063474,0.3460513075,1.033532909,0.1101872921
47.52913094,39.31755201,-2.450355185,0.3556413492,1.053859589,0.07316803892
47.82896733,39.61356743,-2.339300398,0.3616028666,1.05388916,0.03983645702
48.12869024,39.90762663,-2.227558672,0.3641375541,1.043273946,0.00844226101
48.428684,40.19815461,-2.116862627,0.3633912032,1.029407015,-0.0229143461
48.7290659,40.48505709,-2.008325616,0.3593855721,1.015570104,-0.05546273141
49.0286665,40.76880193,-1.902813543,0.3520605014,1.002617771,-0.089523039
49.32879806,41.04993658,-1.801144042,0.3413682976,0.9904172905,-0.1242998358
49.62880754,41.32891193,-1.704133669,0.3273862345,0.9786737517,-0.157884339
49.92902732,41.60605992,-1.612551098,0.3104204715,0.9672670728,-0.1874182152
50.22843027,41.88162123,-1.527027512,0.2910828849,0.956281981,-0.2094395767
50.5286839,42.15576014,-1.447962216,0.2703206741,0.9458383231,-0.2204439707
50.82874465,42.42855721,-1.375443577,0.2493746492,0.9360060103,-0.2176308953
51.12860918,42.70000754,-1.309197075,0.2296517918,0.9268045017,-0.1996707395
51.42895317,42.97005899,-1.248572247,0.2125283693,0.9183698481,-0.1672754156
51.72930932,43.23870522,-1.192577477,0.1991383452,0.91110914,-0.123316198
52.02840781,43.50608954,-1.139963961,0.19021885,0.9056410308,-0.07234614241
52.3284924,43.77250228,-1.08935178,0.1860556319,0.902211792,-0.01964825976
52.62886953,44.03824243,-1.039370112,0.1865130952,0.9004531545,0.02981300934
52.92876673,44.3060637,-0.9882709823,0.1912056044,0.9172316163,0.07320907592
53.228616,44.57786604,-0.934556268,0.1995314364,0.929834979,0.1065162835
53.52879643,44.85094331,-0.8778230563,0.2104909846,0.9295631772,0.1281579871
53.82867956,45.12157007,-0.8182690541,0.2228885107,0.9177954001,0.1387050707
54.12851715,45.38694885,-0.756342614,0.2356290571,0.8989389983,0.1399966517
54.42941833,45.64558748,-0.6925554844,0.2478880125,0.8769942812,0.1343579531
54.72939277,45.89377185,-0.6282517185,0.2590117134,0.832211338,0.1244222035
55.02938676,46.12898244,-0.5646917106,0.2686631292,0.7921087852,0.1120361514
55.3287878,46.35330834,-0.5019171872,0.2768747262,0.7608533339,0.09859522691
55.62934804,46.56900297,-0.4397983052,0.2837684379,0.7355591436,0.08508005158
55.92896438,46.77719408,-0.3784193862,0.2894701388,0.7114460022,0.07213460108
56.22925878,46.97736578,-0.3182823103,0.2940878745,0.6819551895,0.06014574664
56.52895355,47.16677118,-0.2605301997,0.2977081572,0.6381416976,0.04932110421
56.82897496,47.34034631,-0.2070066111,0.3004124209,0.5727922514,0.03977537482
57.12988544,47.4923283,-0.159760112,0.3023117058,0.4882504828,0.0315765965
57.42893529,47.61915902,-0.1201146083,0.3035639951,0.3976338879,0.02471842988
57.72929788,47.72009232,-0.08845281031,0.3043407123,0.307584811,0.01909016848
58.02884579,47.79707184,-0.06425355927,0.3047947467,0.2303722075,0.01444418394
58.32956696,47.85864977,-0.04487168114,0.3050645589,0.2000022924,0.01053960059
58.62848163,47.9158782,-0.02684484802,0.3052422501,0.200000982,0.007228888752
58.92904019,47.97310376,-0.008809713257,0.3053588147,0.2000007514,0.004427378583
59.22910738,48.03032764,0.009230556993,0.3054238894,0.2000005756,0.002080044498
59.52838802,48.0875507,0.02727327338,0.3054461359,0.2000004633,0.0001445943917
59.82864714,48.14477367,0.045316218,0.3054334103,0.2000003864,-0.001417152862
60.12892938,48.2019971,0.06335759892,0.3053928135,0.200000331,-0.002642514906
60.42888165,48.25922146,0.08139600829,0.3053307048,0.2000002891,-0.00356832178
60.72876024,48.31644708,0.09943038059,0.3052527146,0.2000002565,-0.004230648064
61.02911735,48.3736742,0.1174599517,0.3051637664,0.2000002297,-0.004664107205
61.33047628,48.43090298,0.1354842196,0.3050681041,0.2000002078,-0.004902038696
61.62872458,48.48813351,0.153502906,0.3049693233,0.2000001895,-0.004975947871
61.92901778,48.54536583,0.171515921,0.3048704125,0.2000001741,-0.004915046288
62.22898269,48.6025999,0.1895233292,0.3047738013,0.2000001609,-0.004745991296
62.5293889,48.65983568,0.2075253196,0.304681413,0.2000001494,-0.004492763124
62.82859564,48.71707306,0.225522178,0.3045947183,0.2000001394,-0.004176641213
63.12893343,48.77431195,0.2435142626,0.3045147888,0.2000001306,-0.003816260348
63.4293797,48.8315522,0.261501983,0.3044423455,0.2000001227,-0.003428039579
63.72881556,48.88879368,0.2794857809,0.304377806,0.2000001156,-0.003025882473
64.02851582,48.94603625,0.2974661145,0.3043213343,0.2000001092,-0.002621268025
64.3287406,49.00327976,0.3154434452,0.3042728863,0.2000001035,-0.00222351517
64.62974405,49.06052407,0.333418227,0.3042322509,0.2000000982,-0.001840021026
64.92906332,49.11776904,0.351390898,0.3041990858,0.2000000935,-0.001476484208
65.22958398,49.17501454,0.3693618735,0.3041729498,0.2000000891,-0.001137116483
65.52895045,49.23226045,0.3873315416,0.3041533302,0.2000000851,-0.0008248427005
65.82960868,49.28950665,0.4053002594,0.3041396669,0.2000000814,-0.0005414879771
66.12877226,49.34675306,0.4232683512,0.3041313725,0.200000078,-0.0002879510007
66.42940378,49.40399956,0.4412361074,0.3041278493,0.2000000748,-6.43632808e-05
66.73109579,49.46124609,0.4592037839,0.304128503,0.2000000718,0.0001297286972
67.02845025,49.51849258,0.4771716033,0.3041327521,0.2000000691,0.0002951879739
67.32852197,49.57573896,0.4951397551,0.3041400377,0.2000000665,0.0004333715728
67.62915158,49.63298518,0.5131083981,0.3041498314,0.2000000641,0.0005459911984
67.92890477,49.69023121,0.5310776615,0.3041616411,0.2000000618,0.0006349781507
